equipment_id,name,flavor_text,equipment_type,max_durability,mastery_cap,synthesis_gold_cost,bonus_max_hp,bonus_max_mp,bonus_strength,bonus_defense,bonus_intelligence,bonus_luck,bonus_speed,equippable_jobs
1001,旅立ちの剣,旅立ちの日に渡される軽い剣,Weapon,10,50,10,0,0,3,0,0,0,0,Apprentice|Warrior|Guardian|Mage|Priest|Ranger|OniWarrior|SwordMaster|Trickster|Crusader|FireMage|WaterMage|WindMage|HighPriest|Necromancer|Sniper|TrapMaster|GrandWarrior|GrandGuard|GrandCaster|GrandPriest|GrandRanger|Shogun|Archmage|GreatThief
2001,旅立ちの服,旅立ちの日に支給される丈夫な服,Armor,10,50,10,4,0,0,2,0,0,0,Apprentice|Warrior|Guardian|Mage|Priest|Ranger|OniWarrior|SwordMaster|Trickster|Crusader|FireMage|WaterMage|WindMage|HighPriest|Necromancer|Sniper|TrapMaster|GrandWarrior|GrandGuard|GrandCaster|GrandPriest|GrandRanger|Shogun|Archmage|GreatThief
1002,ぬま鉄の剣,ぬまちの鉄を打って作られた重めの剣,Weapon,16,80,30,0,0,6,1,0,0,0,Apprentice|Warrior|Guardian|Mage|Priest|Ranger|OniWarrior|SwordMaster|Trickster|Crusader|FireMage|WaterMage|WindMage|HighPriest|Necromancer|Sniper|TrapMaster|GrandWarrior|GrandGuard|GrandCaster|GrandPriest|GrandRanger|Shogun|Archmage|GreatThief
2002,旅人の外套,長旅に耐えるよう仕立てられた外套,Armor,16,80,30,8,0,0,5,0,0,0,Apprentice|Warrior|Guardian|Mage|Priest|Ranger|OniWarrior|SwordMaster|Trickster|Crusader|FireMage|WaterMage|WindMage|HighPriest|Necromancer|Sniper|TrapMaster|GrandWarrior|GrandGuard|GrandCaster|GrandPriest|GrandRanger|Shogun|Archmage|GreatThief
1003,花園の細剣,魔力を帯びた花弁のように鋭い剣,Weapon,24,120,60,0,2,10,2,2,0,1,Apprentice|Warrior|Guardian|Mage|Priest|Ranger|OniWarrior|SwordMaster|Trickster|Crusader|FireMage|WaterMage|WindMage|HighPriest|Necromancer|Sniper|TrapMaster|GrandWarrior|GrandGuard|GrandCaster|GrandPriest|GrandRanger|Shogun|Archmage|GreatThief
2003,精霊樹の衣,精霊樹の加護が宿る軽やかな衣,Armor,24,120,60,14,4,0,8,2,1,1,Apprentice|Warrior|Guardian|Mage|Priest|Ranger|OniWarrior|SwordMaster|Trickster|Crusader|FireMage|WaterMage|WindMage|HighPriest|Necromancer|Sniper|TrapMaster|GrandWarrior|GrandGuard|GrandCaster|GrandPriest|GrandRanger|Shogun|Archmage|GreatThief
2004,潮騒の鎧,荒波をしのぐ貝殻と潮騒の紋が入った鎧,Armor,30,150,90,16,0,0,10,0,0,1,Apprentice|Warrior|Guardian|Mage|Priest|Ranger|OniWarrior|SwordMaster|Trickster|Crusader|FireMage|WaterMage|WindMage|HighPriest|Necromancer|Sniper|TrapMaster|GrandWarrior|GrandGuard|GrandCaster|GrandPriest|GrandRanger|Shogun|Archmage|GreatThief
2005,嵐裂の鎧,空を裂く風の刃を思わせる鋲が施された鎧,Armor,34,180,110,20,0,0,12,0,0,1,Apprentice|Warrior|Guardian|Mage|Priest|Ranger|OniWarrior|SwordMaster|Trickster|Crusader|FireMage|WaterMage|WindMage|HighPriest|Necromancer|Sniper|TrapMaster|GrandWarrior|GrandGuard|GrandCaster|GrandPriest|GrandRanger|Shogun|Archmage|GreatThief
2006,陽炎の鎧,陽炎が揺れるように朧な光を帯びた鎧,Armor,38,210,130,24,0,0,14,0,0,2,Apprentice|Warrior|Guardian|Mage|Priest|Ranger|OniWarrior|SwordMaster|Trickster|Crusader|FireMage|WaterMage|WindMage|HighPriest|Necromancer|Sniper|TrapMaster|GrandWarrior|GrandGuard|GrandCaster|GrandPriest|GrandRanger|Shogun|Archmage|GreatThief
2007,緋翼の鎧,紅い羽根を織り込んだ豪壮な鎧,Armor,44,240,160,30,0,0,17,0,0,2,Apprentice|Warrior|Guardian|Mage|Priest|Ranger|OniWarrior|SwordMaster|Trickster|Crusader|FireMage|WaterMage|WindMage|HighPriest|Necromancer|Sniper|TrapMaster|GrandWarrior|GrandGuard|GrandCaster|GrandPriest|GrandRanger|Shogun|Archmage|GreatThief
2008,蒼穹の鎧,天空の光を纏って戦場を渡るための重厚な鎧,Armor,50,280,200,36,0,0,20,1,1,3,Apprentice|Warrior|Guardian|Mage|Priest|Ranger|OniWarrior|SwordMaster|Trickster|Crusader|FireMage|WaterMage|WindMage|HighPriest|Necromancer|Sniper|TrapMaster|GrandWarrior|GrandGuard|GrandCaster|GrandPriest|GrandRanger|Shogun|Archmage|GreatThief
2009,霧縫いの鎧,夜霧を纏ったような軽やかな鎧。命中を高めながら守りを整える,Armor,20,90,45,18,0,0,9,0,0,0,Apprentice|Warrior|Guardian|Mage|Priest|Ranger|OniWarrior|SwordMaster|Trickster|Crusader|FireMage|WaterMage|WindMage|HighPriest|Necromancer|Sniper|TrapMaster|GrandWarrior|GrandGuard|GrandCaster|GrandPriest|GrandRanger|Shogun|Archmage|GreatThief
2010,風信の鎧,疾風が縫いこまれた軽量鎧。素早さと守備の両立を狙う職人装甲,Armor,24,110,60,22,0,0,12,0,0,1,Apprentice|Warrior|Guardian|Mage|Priest|Ranger|OniWarrior|SwordMaster|Trickster|Crusader|FireMage|WaterMage|WindMage|HighPriest|Necromancer|Sniper|TrapMaster|GrandWarrior|GrandGuard|GrandCaster|GrandPriest|GrandRanger|Shogun|Archmage|GreatThief
2011,鉄壁の鎧,分厚い鋼板を積み重ねた重装。HPと防御を大きく伸ばしつつ安定した耐久を提供,Armor,28,140,80,26,0,0,14,0,0,1,Apprentice|Warrior|Guardian|Mage|Priest|Ranger|OniWarrior|SwordMaster|Trickster|Crusader|FireMage|WaterMage|WindMage|HighPriest|Necromancer|Sniper|TrapMaster|GrandWarrior|GrandGuard|GrandCaster|GrandPriest|GrandRanger|Shogun|Archmage|GreatThief
2012,紅蓮の鎧,紅蓮の紋が火を噴く。火力を意識した強固な装甲で守りながら攻撃にも備える,Armor,30,160,95,30,0,0,16,0,0,2,Apprentice|Warrior|Guardian|Mage|Priest|Ranger|OniWarrior|SwordMaster|Trickster|Crusader|FireMage|WaterMage|WindMage|HighPriest|Necromancer|Sniper|TrapMaster|GrandWarrior|GrandGuard|GrandCaster|GrandPriest|GrandRanger|Shogun|Archmage|GreatThief
2013,流星の鎧,天から降る流星の欠片で織った鎧。重さのわりに動きを殺さず、攻守バランスを強化,Armor,34,190,125,36,0,0,18,0,0,2,Apprentice|Warrior|Guardian|Mage|Priest|Ranger|OniWarrior|SwordMaster|Trickster|Crusader|FireMage|WaterMage|WindMage|HighPriest|Necromancer|Sniper|TrapMaster|GrandWarrior|GrandGuard|GrandCaster|GrandPriest|GrandRanger|Shogun|Archmage|GreatThief
2014,雷鳴の鎧,雷撃を吸い込む紋章を持ち、攻防に対する精密な調整を可能にする,Armor,38,220,155,42,0,0,20,0,0,3,Apprentice|Warrior|Guardian|Mage|Priest|Ranger|OniWarrior|SwordMaster|Trickster|Crusader|FireMage|WaterMage|WindMage|HighPriest|Necromancer|Sniper|TrapMaster|GrandWarrior|GrandGuard|GrandCaster|GrandPriest|GrandRanger|Shogun|Archmage|GreatThief
2015,煌天の鎧,天光を反射する金属で組まれた威厳ある鎧。MPと防御の両方を底上げ,Armor,42,260,190,50,0,0,22,0,0,3,Apprentice|Warrior|Guardian|Mage|Priest|Ranger|OniWarrior|SwordMaster|Trickster|Crusader|FireMage|WaterMage|WindMage|HighPriest|Necromancer|Sniper|TrapMaster|GrandWarrior|GrandGuard|GrandCaster|GrandPriest|GrandRanger|Shogun|Archmage|GreatThief
2016,永劫の鎧,無窮の守りを誇る鎧。最大HPと守備を極限まで引き上げ、王位級の戦場に耐える,Armor,46,320,230,60,0,0,26,0,0,3,Apprentice|Warrior|Guardian|Mage|Priest|Ranger|OniWarrior|SwordMaster|Trickster|Crusader|FireMage|WaterMage|WindMage|HighPriest|Necromancer|Sniper|TrapMaster|GrandWarrior|GrandGuard|GrandCaster|GrandPriest|GrandRanger|Shogun|Archmage|GreatThief
